player_name,position,college_receiving_yards
Tetairoa McMillan,WR,1319
Jeremiah Smith,WR,1315
Coleman Owen,WR,1245
Kyle Williams,WR,1198
Jaylin Noel,WR,1194
Jayden Higgins,WR,1183
Andrew Armstrong,WR,1140
Jamaal Pritchett,WR,1127
Xavier Restrepo,WR,1127
Tai Felton,WR,1124
Jordyn Tyson,WR,1101
Mac Dalena,WR,1065
Corey Rucker,WR,1053
Jerjuan Newton,WR,1048
Devonte Ross,WR,1043
Ricky White,WR,1041
Jack Bech,WR,1034
Mario Williams,WR,1031
Tre Harris,WR,1030
Josh Kelly,WR,1023
Jackson Meeks,WR,1021
Ja'Corey Brooks,WR,1013
Emeka Egbuka,WR,1011
Matthew Golden,WR,987
Tru Edwards,WR,986
Pat Bryant,WR,984
Justin Lockhart,WR,983
Keandre Lambert-Smith,WR,981
Ted Hurst,WR,961
Elijah Sarratt,WR,957
Junior Vandeross III,WR,957
Roc Taylor,WR,950
Trebor Pena,WR,941
Oronde Gadsden II,WR,934
Kevin Coleman Jr.,WR,932
LaJohntay Wester,WR,931
Kisean Johnson,WR,925
Jordan Watkins,WR,906
Antonio Williams,WR,904
Cam Camper,WR,903
Trent Walker,WR,901
Tez Johnson,WR,898
Giles Jackson,WR,893
Aaron Anderson,WR,884
Theo Wease,WR,884
De'Zhaun Stribling,WR,882
Caleb Douglas,WR,877
Cayden Lee,WR,874
Omari Kelly,WR,869
Kyren Lacy,WR,866
Ryan Williams,WR,865
Daniel Jackson,WR,863
Skyler Bell,WR,860
Chase Roberts,WR,854
Jaden Smith,WR,849
Kaedin Robinson,WR,840
Luke Wysong,WR,840
Jakobie Keeney-James,WR,839
Denzel Boston,WR,834
Jalen Royals,WR,834
Adrian Norton,WR,831
Elic Ayomanor,WR,831
Jayce Brown,WR,823
DT Sheffield,WR,822
Kamdyn Benjamin,WR,822
Isiah Paige,WR,819
Javon Tracy,WR,818
Arian Smith,WR,817
Reginald Virgil,WR,816
Konata Mumpfield,WR,813
Malachi Fields,WR,808
Jaden Williams,WR,807
Elijhah Badger,WR,806
Cam Vaughn,WR,803
Anthony Smith,WR,799
Eli Pancol,WR,798
O'Mega Blake,WR,795
Germie Bernard,WR,794
Easton Messer,WR,793
Dante Wright,WR,792
Chimere Dike,WR,783
Matt Sykes,WR,782
Sean Atkins,WR,781
Kobe Hudson,WR,770
Brennan Presley,WR,767
Makai Lemon,WR,764
Eric McAlister,WR,762
Dymere Miller,WR,757
Damon Ward,WR,755
Eric Singleton Jr.,WR,754
Josh Cameron,WR,754
Jacolby George,WR,752
Makai Jackson,WR,745
Hudson Clement,WR,741
Kenny Odom,WR,741
Xzavier Henderson,WR,738
Chris Bell,WR,737
Carnell Tate,WR,733
John Paul Richardson,WR,733
Cortez Braham,WR,724
Nicholas Cenacle,WR,721
Harrison Wallace III,WR,720
Traeshon Holden,WR,718
Dane Key,WR,715
Bryant Wesco Jr.,WR,708
Chrishon McCray,WR,705
Darius Lassiter,WR,703
Dorian Singer,WR,702
Malik Rutherford,WR,702
Luke Floriea,WR,699
Luke Grimm,WR,690
Lewis Bond,WR,689
Dean Patterson,WR,685
Elijah Spencer,WR,684
Kris Hutson,WR,683
Joey Hobert,WR,680
Chase Sowell,WR,678
Demeer Blankumsee,WR,677
Ian Strong,WR,676
Luther Burden,WR,676
Vinny Anthony,WR,672
Amare Thomas,WR,670
Roderick Daniels Jr.,WR,663
Dont'e Thornton,WR,661
Terry Lockett Jr.,WR,660
Derwin Burgess Jr.,WR,659
Kameron Shanks,WR,656
Coy Eakin,WR,652
Zakhari Franklin,WR,652
Markus Allen,WR,651
T.J. Moore,WR,651
Victor Snow,WR,651
Jeremiah Webb,WR,649
Nick Marsh,WR,649
Oran Singleton,WR,639
Omarion Dollison,WR,633
Kole Wilson,WR,630
Pofele Ashlock,WR,629
Kaden Prather,WR,624
Will Sheppard,WR,621
Louis Brown,WR,620
Isaiah Horton,WR,616
Josh Dallas,WR,614
Evan Stewart,WR,613
Savion Williams,WR,611
Dominic Lovett,WR,607
Yamir Knight,WR,605
A.J. Henning,WR,603
Dalen Cobb,WR,599
Bryce Kirtz,WR,598
Cam Coleman,WR,598
Dontae Fleming,WR,598
Omar Cooper Jr.,WR,594
Jaden Greathouse,WR,592
Omari Hayes,WR,590
Joseph Williams,WR,588
Montorie Foster,WR,588
Jahmal Banks,WR,587
J.J. Jones,WR,582
James Tucker,WR,579
Nyziah Hunter,WR,578
Christian Fitzpatrick,WR,576
Noah Thomas,WR,574
Darrell Gill Jr.,WR,570
Malcolm Johnson Jr.,WR,569
Ashtyn Hawkins,WR,567
Jalen Moss,WR,563
Simeon Evans,WR,559
Quentin Skinner,WR,557
Winston Wright,WR,556
Antwane Wells Jr.,WR,553
Isaac TeSlaa,WR,545
Kenneth Womack,WR,545
Blair Conwright,WR,542
Isaiah Bond,WR,540
Kenny Johnson,WR,537
JJ Jenkins,WR,536
Willie McCoy,WR,536
Kam Thomas,WR,532
Cam Pickett,WR,528
Keyshawn Smith,WR,527
Kyrese Rowan,WR,526
Emmett Mosley V,WR,525
Ja'Kobi Lane,WR,525
Raylen Sharpe,WR,523
Marcus Bellon,WR,522
Rashod Owens,WR,515
Jacob De Jesus,WR,512
Sam Brown,WR,509
Stephen Gosnell,WR,506
TJ Sheffield,WR,505
Zachariah Branch,WR,503
Courtney Jackson,WR,494
Isaiah Sategna,WR,491
Beaux Collins,WR,490
Jeremiah Hunter,WR,490
Harvey Broussard,WR,486
Reed Harris,WR,486
Koby Drake,WR,484
Treyshun Hurry,WR,481
CJ Daniels,WR,480
Jaylen Sargent,WR,480
Chris Carpenter,WR,479
Monaray Baldwin,WR,478
Noah Rogers,WR,478
Jimmy Holiday,WR,476
Latrell Caples,WR,473
Bru McCoy,WR,472
Josh Meredith,WR,472
Ryan Wingo,WR,472
Chase Hendricks,WR,471
Sean Brown,WR,470
Yulkeith Brown,WR,470
Trey Goodman,WR,469
Dillon Bell,WR,466
Jaylin Lane,WR,466
Myles Price,WR,466
Horatio Fields,WR,463
Kyron Ware-Hudson,WR,462
Kevin Concepcion,WR,460
Ja'Shaun Poke,WR,459
Casey Reynolds,WR,457
DeAndre Moore Jr.,WR,456
Michael Pettway,WR,454
Malcolm Simmons,WR,451
Tony Johnson,WR,449
Ke'Shawn Williams,WR,448
Jacory Barney Jr.,WR,447
Bobby Golden,WR,446
Sean Brown,WR,445
Cameron Ross,WR,443
Jimmy Horn Jr.,WR,441
Jordan Napier,WR,440
Caleb Goodie,WR,436
Otto Tia,WR,434
Yannick Smith,WR,434
Hal Presley,WR,429
Raphael Williams,WR,426
Traylon Ray,WR,426
KJ Duff,WR,425
Devin McCuin,WR,424
Jordan Hudson,WR,422
Larry Simmons,WR,421
Chris Dawn Jr.,WR,418
Jarius Mack,WR,418
Corri Milliner,WR,416
Omari Evans,WR,415
Shamir Hagans,WR,413
Anthony Sambucci,WR,412
Jacob Gill,WR,411
Junior Sherrill,WR,411
Keshaun Singleton,WR,408
Devin Voisin,WR,407
Will Pauling,WR,407
Dekel Crowdus,WR,402
Stephon Johnson Jr.,WR,402
Matthew Coleman,WR,401
Trond Grizzell,WR,401
Deuce Alexander,WR,400
Carlos Hernandez,WR,397
Duce Robinson,WR,396
Charles Montgomery,WR,393
Diante Vines,WR,393
Trayvon Rudolph,WR,392
Cam Thompson,WR,391
Kelly Akharaiyi,WR,391
Jonah Panoke,WR,387
Jamari Person,WR,386
Jonathan Brady,WR,386
Kelvontay Dixon,WR,386
Qua'Vez Humphreys,WR,385
Justin Bowick,WR,383
K.D. Hutchinson,WR,383
Tiaquelin Mims,WR,383
Jabre Barber,WR,381
Squirrel White,WR,381
Donavon Greene,WR,380
Mike Brown-Stephens,WR,379
Miles Coleman,WR,378
David Amador II,WR,376
Nyck Harbor,WR,376
TJ Pride,WR,374
Ali Jennings,WR,373
Dalton Carnes,WR,371
Mario Craver,WR,368
Christian Horn,WR,367
Quincy Skinner Jr.,WR,367
Myles Butler,WR,366
Jahmal Edrine,WR,365
Kobe Paysour,WR,365
Barion Brown,WR,361
Chris Parker,WR,360
Da'Quan Felton,WR,360
Lawrence Arnold,WR,360
Keagan Johnson,WR,359
Jordan Faison,WR,356
Elijah Canion,WR,354
Tory Horton,WR,353
Marquis Johnson,WR,352
Joseph Manjack IV,WR,351
Landon Parker,WR,350
Solomon Davis,WR,350
Jamoi Mayes,WR,349
Rahkeem Smith,WR,349
Chris Durr,WR,348
Logan Loya,WR,348
Keelan Marion,WR,346
Jahdae Walker,WR,345
Kwazi Gilmer,WR,345
Carl Chester,WR,342
Armani Winfield,WR,341
Jack Hestera,WR,340
Trech Kekahuna,WR,339
Xavier Guillory,WR,339
Grayson Barnes,WR,338
Mazeo Bennett Jr.,WR,337
Caleb Medford,WR,336
T.Y. Harding,WR,334
Chris Brazzell II,WR,333
Bryson Graves,WR,327
Jacoby Jones,WR,327
Ashton Allen,WR,324
Miles Cross,WR,324
Petey Tucker,WR,324
Chris Hunter,WR,323
LV Bunkley-Shelton,WR,322
Wesley Grimes,WR,319
Kyle Ford,WR,317
Avery Boyd,WR,316
J. Michael Sturdivant,WR,315
Javian Hester,WR,315
Octavian Smith Jr.,WR,315
Cameron Wright,WR,314
Dacari Collins,WR,314
Dane Olson,WR,314
Nate Bennett,WR,314
Senika McKie,WR,314
Jay Maclin,WR,313
Noah Smith,WR,313
Dalevon Campbell,WR,312
Malik Benson,WR,311
Ahmarian Granger,WR,308
Dalton Stroman,WR,307
Jasaiah Gathings,WR,307
Jaron Tibbs,WR,305
Nic Trujillo,WR,305
Prince Strachan,WR,304
Evan Boyd,WR,302
Peyton Higgins,WR,301
Jabari Smith Jr.,WR,296
Wyatt Young,WR,295
Hank Beatty,WR,294
Money Parks,WR,294
Titus Mokiao-Atimalala,WR,294
Darrius Clemons,WR,292
Robert Williams,WR,290
Blake Bohannon,WR,289
Rodney Harris II,WR,289
Rodney Gallagher,WR,288
Melquan Stovall,WR,287
Liam Clifford,WR,286
Lemeke Brockington,WR,282
Grant Page,WR,281
Jhari Patterson,WR,281
Landon Sides,WR,280
Drelon Miller,WR,277
Reese Smith,WR,277
Aziah Johnson,WR,276
Tyson Mobley,WR,276
Jake Bailey,WR,275
Nate McCollum,WR,274
Umari Hatcher,WR,273
Mikey Matthews,WR,272
Beau Sparks,WR,271
Chase Lane,WR,271
Ife Adeyi,WR,271
Jacquon Gibson,WR,270
Cyrus Allen,WR,269
Ayden Greene,WR,268
Malcolm Gillie,WR,267
Silas Bolden,WR,267
Eugene Wilson III,WR,266
Jeremiah Noga,WR,266
Jacob Godfrey,WR,265
Andrew McElroy,WR,264
Braylen Walker,WR,264
Collin Dixon,WR,264
Troy Stellato,WR,264
Davon Wells,WR,262
Jay Wilkerson,WR,262
Reagan Ealy,WR,262
Tray Taylor,WR,262
Adam Jones,WR,255
Jaylen Lloyd,WR,255
Abdur-Rahmaan Yaseen,WR,254
Censere Lee,WR,254
Gee Scott Jr.,WR,253
Mekhi Mews,WR,253
Graham Walker,WR,252
CJ Williams,WR,248
Tyler Morris,WR,248
Myles Alston,WR,246
Deion Burks,WR,245
Talyn Shettron,WR,245
Jared Brown,WR,244
Justin Robinson,WR,244
London Humphreys,WR,244
Spencer Curtis,WR,244
Chris Hilton Jr.,WR,243
Taji Johnson,WR,243
Brock Rechsteiner,WR,241
Ismael Cisse,WR,241
Malachi Holt-Bennett,WR,241
Ahmari Huggins-Bruce,WR,239
Dane Pardridge,WR,238
Isaiah Myers,WR,237
Ketron Jackson Jr.,WR,236
Tyler King,WR,236
Mookie Cooper,WR,235
Jacob Jordan,WR,234
Brenen Thompson,WR,230
Joshua Porter,WR,230
Malique Dieudonne,WR,230
Cole Turner,WR,229
Kris Mitchell,WR,224
Gage Larvadain,WR,223
Marlion Jackson,WR,222
Nathan Kent,WR,222
Tastean Reddicks,WR,222
Trell Harris,WR,221
Solomon Lewis,WR,220
Bryson Green,WR,219
Michael Phoenix II,WR,219
Jordan Ross,WR,218
Micah Mays Jr.,WR,218
Zavion Thomas,WR,218
Omarion Miller,WR,216
Quin Smith,WR,216
Terry Bussey,WR,216
Will Pelissier,WR,212
Jayden Harrison,WR,211
Jojo Phillips,WR,211
Dannis Jackson,WR,210
Sterling Galban,WR,210
Nazeviah Burris,WR,209
Shamar Sandgren,WR,208
Zeriah Beason,WR,208
Jadon Jackson,WR,207
Jarod Bowie,WR,207
Qian Magwood,WR,207
Bailey Stockton,WR,206
Justin Stevenson,WR,204
Christian Moss,WR,203
Justius Lowe,WR,203
Zion Steptoe,WR,203
Aidan Mizell,WR,202
Justus Ross-Simmons,WR,202
Israel Polk,WR,201
Caullin Lacy,WR,196
Jeremiah Patterson,WR,196
Parker Kingston,WR,196
Alex Perry,WR,195
Elijah Metcalf,WR,194
Tyler Griffin,WR,193
Tyler Savage,WR,193
Jaron Glover,WR,192
Joshua Manning,WR,192
Kordell David,WR,191
Sterling Berkhalter,WR,191
Cam'ron Lacy,WR,190
Daejon Reynolds,WR,189
Jaedn Skeete,WR,189
Hykeem Williams,WR,187
Loic Fouonji,WR,187
Rico Flores Jr.,WR,187
Sebastian Macaluso,WR,187
Jesse Prewitt III,WR,186
Maliq Carr,WR,186
Dante Cephas,WR,184
Corey Dyches,WR,181
Vandrevius Jacobs,WR,181
Blake Nowell,WR,179
Corey Smith,WR,179
Iverson Hooks,WR,179
Jaden Smith,WR,177
Brandon Inniss,WR,176
Finn Hogan,WR,176
Javon Cambell,WR,176
Julian Fleming,WR,176
Reece Vander Zee,WR,176
Jaden Bradley,WR,173
Davis Dalton,WR,172
Montana Lemonious-Craig,WR,172
Antonio Jones,WR,170
Marlyn Johnson,WR,169
Artis Cole,WR,168
Tavion Smith,WR,168
Jayden Thomas,WR,167
Bralon Brown,WR,166
Kamryn Perry,WR,166
Tailique Williams,WR,165
Chase Penry,WR,164
Christian Dremel,WR,162
DJ Allen,WR,161
Shaleak Knotts,WR,161
Tre Spivey,WR,160
Christian Hamilton,WR,159
Caleb Gossett,WR,158
Marcus Sanders Jr.,WR,158
Terrell Anderson,WR,158
Ben Black,WR,157
Adam Randall,WR,155
Kentron Poitier,WR,155
Robert Lewis,WR,155
Jaden Robinson,WR,154
Hardley Gilmore IV,WR,153
Zyell Griffin,WR,151
Michael Harrison,WR,150
Cataurus Hicks,WR,149
Colbie Young,WR,149
Jordan Brown,WR,149
Donte Lee Jr.,WR,148
Thomas Zsiros,WR,148
Marcello Bussey,WR,147
Jordan McCants,WR,146
Tychaun Chapman,WR,146
Tre Shackelford,WR,144
Michael Mathison,WR,143
Carson Brown,WR,141
Da'Wain Lofton,WR,140
Jordin Parker,WR,140
Josh Cobbs,WR,140
Semaj Morgan,WR,139
Grayson Tempest,WR,138
Rashid Williams,WR,138
Trace Bruckler,WR,138
Dazmin James,WR,137
Jay Jay Etheridge,WR,137
Johntay Cook II,WR,137
Casey Cain,WR,136
Chris Culliver,WR,135
Romello Brinson,WR,135
Anthony Eager,WR,133
Logan Kyle,WR,132
Preston Fox,WR,131
Richie Hoskins,WR,131
Kobe Prentice,WR,129
Frederick Moore,WR,128
Tadd Barr,WR,128
Zion Kearney,WR,128
Devan Williams,WR,127
Nick Rempert,WR,127
Eric Holley,WR,126
Fred Farrier II,WR,126
Hayes Sutton,WR,126
Perry Thompson,WR,126
Thai Chiaokhiao-Bowman,WR,125
Tobias Merriweather,WR,125
Tony Freeman,WR,125
Keenan Jackson,WR,124
Caleb Coombs,WR,123
Gamarion Carter,WR,123
Jaden Dottin,WR,123
Jyaire Shorter,WR,123
Micah Hudson,WR,123
Daidren Zipperer,WR,122
Abdul-Fatai Ibrahim,WR,121
Bryce Bohanon,WR,121
Chas Nimrod,WR,121
CJ Johnson II,WR,121
Mason Starling,WR,121
Sean Wilson,WR,121
Dahya Patel,WR,120
Kajiya Hollawayne,WR,120
Malick Meiga,WR,117
Hunter Summers,WR,116
Jamel Hardy,WR,116
Eli Green,WR,115
Jordan Shipp,WR,114
Kameron Courtney,WR,114
Ja'Cyais Credle,WR,113
Shamar Porter,WR,113
Shamar Rigby,WR,113
Josiah Martin,WR,112
Jordan Anthony,WR,111
Jordan Smith,WR,110
Abdul Janneh,WR,109
Devin Hyatt,WR,109
Jared Roznos,WR,109
DaShawn Martin,WR,108
Javonte Sherman,WR,108
Keanu Hill,WR,108
Emari White,WR,107
De'Nylon Morrissette,WR,106
JeyQuan Smith,WR,106
Rykem Laney,WR,106
Seth Anderson,WR,106
Kendrick Law,WR,105
Michael Buckley,WR,103
Chaucey Magwood,WR,102
Peyton O'Leary,WR,102
Jarvis Rush,WR,101
Javon Harvey,WR,101
Zach Williams,WR,101
Moussa Barry,WR,100
Tank Hawkins,WR,100
Mavin Anderson,WR,99
Shazz Preston,WR,99
Suderian Harrison,WR,99
Tommy Maher,WR,99
Frank Covey IV,WR,98
Jeremiah Aaron,WR,97
Julian Gray,WR,97
Kayden McGee,WR,97
Zeed Haynes,WR,97
Josiah Freeman,WR,95
Cole Adams,WR,94
Jarriett Buie,WR,94
Jerand Bradley,WR,94
JuJu Lewis,WR,93
Brett Buckman,WR,91
Christopher Toudle,WR,91
Jaden Gibson,WR,91
Jake Smith,WR,91
Joshisa Trader,WR,91
Tamatoa Mokiao-Atimalala,WR,91
Brady Kluse,WR,90
Mike Matthews,WR,90
Ivan Carreon,WR,89
Anthony Evans III,WR,88
Jaden Bray,WR,88
Jadon Thompson,WR,88
Jaquaize Pettaway,WR,87
Kam Brown,WR,87
Carter Nelson,WR,86
Aaron Turner,WR,85
Malik McClain,WR,85
Demarcus Lacey,WR,84
Cam Schurr,WR,83
Demariyon Houston,WR,83
Hayden Eligon II,WR,83
Isiah Canion,WR,83
Bryan Robinson,WR,82
Emmanuel Henderson,WR,82
Daniel Blood,WR,81
Dom Henry,WR,80
Drayden Dickman,WR,80
Jacob Emmers,WR,80
Jamar Taylor,WR,80
Karsyn Pupunu,WR,80
Max Rodarte,WR,80
Ross Fournet,WR,80
David Wells Jr.,WR,79
Ezeriah Anderson,WR,79
Jace Wilson,WR,79
Dakota Twitty,WR,78
Emanuel Ross,WR,78
Jay Fair,WR,78
J.J. Sparkman,WR,78
Kyre Duplessis,WR,78
Tre Roberson,WR,78
Anthony Brown,WR,77
Chase Curtis,WR,77
Jordan Brown,WR,77
Malik Elzy,WR,77
Walker Merrill,WR,77
Cooper Hoch,WR,76
Nik McMillan,WR,76
Braedan Wisloski,WR,75
Jalen Brown,WR,75
Stephan Bracey,WR,75
Andre Greene Jr.,WR,74
Drae McCray,WR,74
Joshua Thompson,WR,74
Ray Ray Joseph,WR,74
Samario Rudolph,WR,74
Stephon Daily,WR,74
Braylin Presley,WR,73
Bryce Childress,WR,73
Jaydon Johnson,WR,73
Leland Smith,WR,72
PJ Wells,WR,72
Brock Spalding,WR,71
C'Quan Jnopierre,WR,71
Darion Williamson,WR,71
Javon Ivory,WR,71
Nate Burleson II,WR,71
Andison Coby,WR,70
Kendrick Bell,WR,70
C.J. Smith,WR,69
Colby Bowman,WR,69
Marcus Burke,WR,69
Ty Robinson,WR,69
Xavier Townsend,WR,69
Zion Ragins,WR,68
Cameron Bates,WR,67
Michael Hetzel,WR,67
Navelle Dean,WR,67
Tiger Bachmeier,WR,67
Caleb Odom,WR,65
Creed Whittemore,WR,65
Drew Donley,WR,65
Ethan Davies,WR,65
Jonathan Bibbs,WR,65
Jordyn Williams,WR,65
Joseph McVay,WR,65
Nathan Acevedo,WR,65
Miles Burris,WR,64
Duane Thomas Jr.,WR,63
Kaevion Mack,WR,63
Ty Bowman,WR,63
CJ Brown,WR,62
Dayton Howard,WR,62
Devin Boddie Jr.,WR,62
Dylan Williams,WR,62
Ja'Varrius Johnson,WR,62
Marshaun Brown,WR,62
Camden Brown,WR,61
Cody Howard,WR,60
Corey Thompson Jr.,WR,60
Rico Scott,WR,60
Tyler Stewart,WR,60
Zy'marion Lang,WR,60
Chance Morrow,WR,59
Troy Omeire,WR,59
Jalil Farooq,WR,58
Jonah Wilson,WR,58
Dylan Goffney,WR,57
George Dimopoulus,WR,57
Ashton Nickelberry,WR,56
Demick Starling,WR,56
Kyle Parker,WR,55
Moose Muhammad III,WR,55
DeAndre Buchannon,WR,54
Kody Epps,WR,54
Kris Hughes,WR,54
"Leon Washington, Jr.",WR,54
Ric'Darious Farmer,WR,54
Jarrad Baker,WR,53
Jontavis Robertson,WR,53
Isaiah Alston,WR,52
Jordyn Bailey,WR,52
Kelby Williams,WR,52
Lawayne McCoy,WR,52
Desna Washington,WR,51
Bugs Mortimer,WR,50
Jay Rockwell,WR,50
Jordan King,WR,50
Mycah Pittman,WR,50
Antonio Gates Jr.,WR,49
Caleb Burton,WR,49
E.J. Williams,WR,49
Ayo Shotomide-King,WR,48
Donovan Faupel,WR,48
Kaleb Webb,WR,48
Jamarion McDougle,WR,47
Bryson Rodgers,WR,46
Dalen Cambre,WR,46
Tim Grear Jr.,WR,46
Branden Ganashamoorthy,WR,45
Carter Shaw,WR,45
Gavin Freeman,WR,45
Ashton Bethel-Roman,WR,44
Gavin Blackwell,WR,43
Marquis Shoulders,WR,43
Qua Sanders,WR,43
Antonio Meeks,WR,42
Chedon James,WR,41
Chris Elko,WR,41
Deion Colzie,WR,41
Joseph Young,WR,41
Lavon Brown,WR,41
Ashton Hollins,WR,40
Dino Tomlin,WR,40
Ayden Williams,WR,39
Camron Heard,WR,39
Andrew Sowinski,WR,38
Cole Weaver,WR,38
Darius Copeland,WR,38
Jayshon Platt,WR,38
KK Smith,WR,38
La'Don Bryant,WR,38
Reymello Murphy,WR,38
Roman Mothershead,WR,38
Sacovie White,WR,38
Xavier Irvin,WR,38
Cole Speer,WR,37
Eian Pugh,WR,37
JB Mitchell III,WR,37
Jeremiah Ballard,WR,37
Jojo Earle,WR,37
Donovan Ollie,WR,36
Eriq Rice,WR,35
Keith Reynolds,WR,35
Mekhi Miller,WR,35
Amorion Walker,WR,34
Ben Ford,WR,34
Jordan Smart,WR,34
Nitro Tuggle,WR,34
Noreel White,WR,34
Stanley King,WR,34
TJ Abrams,WR,34
Bryce Cain,WR,33
Dale Martin,WR,33
Izayah Cummings,WR,33
Kelan Robinson,WR,33
Keyshaun Pipkin,WR,33
TyLyric Coleman,WR,33
BJ Hawkins Jr.,WR,32
Tyrin Smith,WR,32
Brandon Engel,WR,31
Drew Wagner,WR,31
Larry Stephens,WR,31
Mudia Reuben,WR,31
Taylor Bradshaw,WR,31
Kenari Wilcher,WR,30
Timothy Conerly,WR,30
Tyler Brown,WR,30
Cody Hagen,WR,29
Connor Finer,WR,29
Monte Harrison,WR,29
William Fowles,WR,29
Kyan Mason,WR,28
Liam Fortner,WR,28
Luke Hutchison,WR,28
Ryan Manning,WR,28
Tyseer Denmark,WR,28
Beni Ngoyi,WR,27
Chris Brooks,WR,27
Christian Leary,WR,27
Koy Moore,WR,27
Misun Kelley,WR,27
Paul Billups II,WR,27
Payton Mangrum,WR,27
Phat Watts,WR,27
Tristen Brown,WR,27
Tyreek Robinson,WR,27
Luca Caldarella,WR,26
Tennel Bryant,WR,26
Jackson Crosby,WR,25
Jaydn Girard,WR,25
Krosse Johnson,WR,25
Malik Phillips,WR,25
Ray Daly,WR,25
Ashton Cozart,WR,24
Javen Nicholas,WR,24
Jeremiah McClellan,WR,24
Leo Blackburn,WR,24
Tama Uiliata,WR,24
Xavier Daisy,WR,24
Jadon Porter,WR,23
Jayden Dixon-Veal,WR,23
Barry Jackson Jr.,WR,22
CJ Charleston,WR,22
Donielle Hayes,WR,22
Izaiah Williams,WR,22
J.J. Butler,WR,22
Kyion Grayes,WR,22
Lyndon Ravare,WR,22
Shemar Kirk,WR,22
Terrell Timmons,WR,22
Alex Capka-Jones,WR,21
Braylon Staley,WR,21
Jaylan Hornsby,WR,21
Kelby Valsin,WR,21
Kyler Kasper,WR,21
Marquis Ashley,WR,21
Parker Clark,WR,21
Alante Brown,WR,20
Ardell Banks,WR,20
Donnie Gray,WR,20
Douglas Emilien,WR,20
Kellen Stewart,WR,20
Kerry King,WR,20
Latrell Neville,WR,20
Munir McClain,WR,20
Taylor Spierto,WR,20
Chris Barnes,WR,19
Destun Thomas,WR,19
Jackson Harris,WR,19
Jaden Richardson,WR,19
Joshua Aka,WR,19
Micah Gifford,WR,19
Wayne Harris,WR,19
Jack Wright,WR,18
Jayden Ballard,WR,18
Kaleb Brown,WR,18
Na'eem Abdul-Rahim Gladding,WR,18
Reign Broadway,WR,18
Terez Traynor,WR,18
Trey Weary,WR,18
Audric Harris,WR,17
Austin McGee,WR,17
Braylon Isom,WR,17
Brett Eskildsen,WR,17
Elijah Moore,WR,17
Jacob Coleman,WR,17
Jarel Williams,WR,17
Kenric Lanier II,WR,17
Luke McLaughlin,WR,17
Trevor Rogers,WR,17
Anthony Simpson,WR,16
Brionne Penny,WR,16
Jaelen Smith,WR,16
Jesse Watson,WR,16
Noble Johnson,WR,16
Tar'Varish Dawson Jr.,WR,16
Zach Gillispie,WR,16
Alex Taylor,WR,15
Amir McGruder,WR,15
Anthony Ivey,WR,15
Eli Wood,WR,15
Jared Merk,WR,15
Keron Milton,WR,15
Keshawn Brown,WR,15
Tommy McIntosh,WR,15
Zycarl Lewis Jr.,WR,15
Baylin Brooks,WR,14
BJ Gibson,WR,14
Brandon Winton,WR,14
Cale Cabbiness,WR,14
De'Corian Clark,WR,14
Ethan Crite,WR,14
Ja-Quavion Fraziars,WR,14
Jacob Bostick,WR,14
Keylen Adams,WR,14
Shane Johnson,WR,14
Treyv'on Culbert,WR,14
Ali Fisher,WR,13
Cameron Flowers,WR,13
Chris Marshall,WR,13
Davion Dozier,WR,13
Ezekial Avit,WR,13
Jahrique Lowe,WR,13
Kahleil Jackson,WR,13
Koby Young,WR,13
Nathan Leacock,WR,13
Quincy Burroughs,WR,13
Alex Bullock,WR,12
Allen Ortiz,WR,12
Dayton Sneed,WR,12
Drew Burnett,WR,12
Gary Bryant Jr.,WR,12
Javarius Green,WR,12
Nick Munson,WR,12
Tyrell Henry,WR,12
Zion Fowler-El,WR,12
Blaze Kamoku,WR,11
Braylon James,WR,11
Charles Ross,WR,11
Kendrick Rucker,WR,11
Leon Haughton Jr.,WR,11
Maxwell Moss,WR,11
Roman Mangini,WR,11
Tyson Thompson,WR,11
Carter Campbell,WR,10
David Adolph,WR,10
DeMarcus Harris,WR,10
Hunter Krepp,WR,10
Isaiah Garcia-Castaneda,WR,10
Jackson Wade,WR,10
JayShon Ridgle,WR,10
Jediyah Willoughby,WR,10
Michael Jackson III,WR,10
Andre Davis,WR,9
David Washington Jr.,WR,9
Dominic Overby,WR,9
Jett Coolman,WR,9
Kavon Pointer,WR,9
Quinn Fracassi,WR,9
Rahji Dennis,WR,9
Ricky Johnson,WR,9
Baron Tipton,WR,8
Cooper Rusk,WR,8
Dariyan Wiley,WR,8
Kojo Antwi,WR,8
Landon Baptiste,WR,8
Ny Carr,WR,8
Robert Smith Jr.,WR,8
Shawn Miller,WR,8
Tyler Williams,WR,8
Benny Haselrig,WR,7
Brady Boyd,WR,7
Coben Bourguet,WR,7
Isaac Smith,WR,7
Jurrion Dickey,WR,7
Kai Black,WR,7
Kyler Pearson,WR,7
Mack Moeller,WR,7
Malachi Riley,WR,7
Marcus Brown,WR,7
Nick Devereaux,WR,7
Wondame Davis Jr.,WR,7
Brady Simmons,WR,6
Bubba Hampton,WR,6
Jack Reynolds,WR,6
Jamaal Bell,WR,6
Kayden Chan,WR,6
Logan Muckey,WR,6
Nick Presley,WR,6
Sanfrisco Magee,WR,6
Adam Rammouni,WR,5
Cadarrius Thompson,WR,5
DJ Epps,WR,5
Jackson Harper,WR,5
Kyle Koch,WR,5
Lamar Seymore,WR,5
Takye Heath,WR,5
Andrel Anthony,WR,4
Chauncy Cobb,WR,4
Clay Swinney,WR,4
Cole Sprague,WR,4
Dedrick Latulas,WR,4
Jamarien Wheeler,WR,4
Javon Rogers,WR,4
Keelan Smith,WR,4
Lonnie Adksim,WR,4
Major Everhart,WR,4
Taeshawn Lyons,WR,4
Tyson Turner,WR,4
Josh Smith,WR,3
Xakery Wiedner,WR,3
Elliott Brow,WR,2
Paul Davis,WR,2
Chase Tyler,WR,1
Jordan Onovughe,WR,1
Zion Taylor,WR,1
Jayden McGowan,WR,0
Jakolbe Baldwin,WR,-1
Marquez Dortch,WR,-2
Braylon Burnside,WR,-6
Darius Bush,WR,-6
